region,setup,pr_auc,recall_at_fpr,n_train,n_pos
americas,local,0.0014738446942156903,0.01639344262295082,359883,511
emea,local,0.03956534523768505,0.3023255813953488,129101,84
apac,local,0.30775674444651707,0.56,116127,72
india,local,0.057070815399464424,0.40425531914893614,167209,69
small_sub,local,0.1703918495776245,0.30158730158730157,56547,51
americas,pooled,0.001607218724169689,0.0,828867,787
emea,pooled,0.019192119710048788,0.13953488372093023,828867,787
apac,pooled,0.02783117331216472,0.22,828867,787
india,pooled,0.018070583369443734,0.1702127659574468,828867,787
small_sub,pooled,0.06515517607508316,0.09523809523809523,828867,787
americas,federated,0.0014698083460280384,0.00819672131147541,359883,511
emea,federated,0.023124194388866606,0.13953488372093023,129101,84
apac,federated,0.032211244531737515,0.16,116127,72
india,federated,0.016856525675591358,0.14893617021276595,167209,69
small_sub,federated,0.055104282880721556,0.0,56547,51
